turnout_id,pc_name,state,pc_code,male_electors,female_electors,male_voters,female_voters,male_turnout,female_turnout,total_electors,total_voters,total_turnout,gender_gap,turnout_category
1,andaman & nicobar islands,andaman & nicobar islands,1,142782,126578,101178,89150,70.86,70.43,269360,190328,70.66,0.43,High (65–75%)
2,adilabad,andhra pradesh,1,687389,698844,519364,526475,75.56,75.34,1386233,1045839,75.44,0.22,Very High (>75%)
3,peddapalle,andhra pradesh,2,725767,699594,520598,501586,71.73,71.7,1425361,1022184,71.71,0.03,High (65–75%)
4,karimnagar,andhra pradesh,3,777458,773376,552489,573202,71.06,74.12,1550834,1125691,72.59,-3.06,High (65–75%)
5,nizamabad,andhra pradesh,4,724504,771689,469712,564212,64.83,73.11,1496193,1033924,69.1,-8.28,High (65–75%)
6,zahirabad,andhra pradesh,5,717811,727435,546746,548060,76.17,75.34,1445246,1094806,75.75,0.83,Very High (>75%)
7,medak,andhra pradesh,6,775903,760812,606863,584233,78.21,76.79,1536715,1191096,77.51,1.42,Very High (>75%)
8,malkajgiri,andhra pradesh,7,1723413,1459912,878093,742304,50.95,50.85,3183325,1620397,50.9,0.1,Medium (50–65%)
9,secundrabad,andhra pradesh,8,1012378,881269,545749,458020,53.91,51.97,1893647,1003769,53.01,1.94,Medium (50–65%)
10,hyderabad,andhra pradesh,9,961290,862374,526510,444911,54.77,51.59,1823664,971421,53.27,3.18,Medium (50–65%)
11,chelvella,andhra pradesh,10,1153049,1032130,696749,619113,60.43,59.98,2185179,1315862,60.22,0.45,Medium (50–65%)
12,mahbubnagar,andhra pradesh,11,709711,708961,511764,503036,72.11,70.95,1418672,1014800,71.53,1.16,High (65–75%)
13,nagarkurnool,andhra pradesh,12,745038,732300,570342,538626,76.55,73.55,1477338,1108968,75.07,3.0,Very High (>75%)
14,nalgonda,andhra pradesh,13,747281,748299,602193,587206,80.58,78.47,1495580,1189399,79.53,2.11,Very High (>75%)
15,bhongir,andhra pradesh,14,756963,735288,622333,589610,82.21,80.19,1492251,1211943,81.22,2.02,Very High (>75%)
16,warangal,andhra pradesh,15,771756,766025,592484,582147,76.77,76.0,1537781,1174631,76.38,0.77,Very High (>75%)
17,mahabubabad,andhra pradesh,16,688398,698945,562073,562297,81.65,80.45,1387343,1124370,81.04,1.2,Very High (>75%)
18,khammam,andhra pradesh,17,712329,727960,588728,594169,82.65,81.62,1440289,1182897,82.13,1.03,Very High (>75%)
19,aruku,andhra pradesh,18,622416,650308,451350,458264,72.52,70.47,1272724,909614,71.47,2.05,High (65–75%)
20,srikakulam,andhra pradesh,19,706828,707161,505010,546436,71.45,77.27,1413989,1051446,74.36,-5.82,High (65–75%)
21,vizianagaram,andhra pradesh,20,700837,703290,555005,565311,79.19,80.38,1404127,1120316,79.79,-1.19,Very High (>75%)
22,visakhapatnam,andhra pradesh,21,875187,847850,585270,578288,66.87,68.21,1723037,1163558,67.53,-1.34,High (65–75%)
23,anakapalli,andhra pradesh,22,689132,712342,563818,584254,81.82,82.02,1401474,1148072,81.92,-0.2,Very High (>75%)
24,kakinada,andhra pradesh,23,709101,709189,558689,541310,78.79,76.33,1418290,1099999,77.56,2.46,Very High (>75%)
25,amalapuram,andhra pradesh,24,682607,675259,568534,552393,83.29,81.8,1357866,1120927,82.55,1.49,Very High (>75%)
26,rajahmundry,andhra pradesh,25,701707,719581,577999,576382,82.37,80.1,1421288,1154381,81.22,2.27,Very High (>75%)
27,narsapuram,andhra pradesh,26,652668,672475,539357,549594,82.64,81.73,1325143,1088951,82.18,0.91,Very High (>75%)
28,eluru,andhra pradesh,27,706916,720844,597603,604093,84.54,83.8,1427760,1201696,84.17,0.74,Very High (>75%)
29,machilipatnam,andhra pradesh,28,675774,693537,567908,573157,84.04,82.64,1369311,1141065,83.33,1.4,Very High (>75%)
30,vijayawada,andhra pradesh,29,781156,783357,602198,592877,77.09,75.68,1564513,1195075,76.39,1.41,Very High (>75%)
31,guntur,andhra pradesh,30,773027,798989,617483,627443,79.88,78.53,1572016,1244926,79.19,1.35,Very High (>75%)
32,narasaraopet,andhra pradesh,31,748465,766396,638080,643978,85.25,84.03,1514861,1282058,84.63,1.22,Very High (>75%)
33,bapatla,andhra pradesh,32,686482,706483,587223,597411,85.54,84.56,1392965,1184634,85.04,0.98,Very High (>75%)
34,ongole,andhra pradesh,33,736245,734238,603025,605200,81.91,82.43,1470483,1208225,82.17,-0.52,Very High (>75%)
35,nandyal,andhra pradesh,34,783266,793862,603562,601394,77.06,75.76,1577128,1204956,76.4,1.3,Very High (>75%)
36,kurnool,andhra pradesh,35,738791,743016,544802,520930,73.74,70.11,1481807,1065732,71.92,3.63,High (65–75%)
37,anantapur,andhra pradesh,36,775509,761403,612890,592164,79.03,77.77,1536912,1205054,78.41,1.26,Very High (>75%)
38,hindupur,andhra pradesh,37,734638,711865,601932,575325,81.94,80.82,1446503,1177257,81.39,1.12,Very High (>75%)
39,kadapa,andhra pradesh,38,765036,785543,588805,611857,76.96,77.89,1550579,1200662,77.43,-0.93,Very High (>75%)
40,nellore,andhra pradesh,39,796583,809557,593468,594180,74.5,73.4,1606140,1187648,73.94,1.1,High (65–75%)
41,tirupati,andhra pradesh,40,778778,795766,604834,608230,77.66,76.43,1574544,1213064,77.04,1.23,Very High (>75%)
42,rajampet,andhra pradesh,41,735347,752151,573019,585298,77.92,77.82,1487498,1158317,77.87,0.1,Very High (>75%)
43,chittoor,andhra pradesh,42,723996,728145,598259,600656,82.63,82.49,1452141,1198915,82.56,0.14,Very High (>75%)
44,arunachal west,arunachal pradesh,1,219334,227181,159978,175687,72.94,77.33,446515,335665,75.17,-4.39,Very High (>75%)
45,arunachal east,arunachal pradesh,2,160293,152579,129313,131978,80.67,86.5,312872,261291,83.51,-5.83,Very High (>75%)
46,karimganj,assam,1,615198,550799,482484,404436,78.43,73.43,1165997,886920,76.07,5.0,Very High (>75%)
47,silchar,assam,2,554540,505635,428949,370881,77.35,73.35,1060175,799830,75.44,4.0,Very High (>75%)
48,autonomous district,assam,3,358880,343010,279409,263871,77.86,76.93,701890,543280,77.4,0.93,Very High (>75%)
49,dhubri,assam,4,798124,754430,709191,660433,88.86,87.54,1552554,1369624,88.22,1.32,Very High (>75%)
50,kokrajhar,assam,5,776071,729405,636657,587212,82.04,80.51,1505476,1223869,81.29,1.53,Very High (>75%)
51,barpeta,assam,6,755559,674616,634405,571458,83.96,84.71,1430175,1205863,84.32,-0.75,Very High (>75%)
52,gauhati,assam,7,988067,934203,785494,726235,79.5,77.74,1922270,1511729,78.64,1.76,Very High (>75%)
53,mangaldoi,assam,8,791539,724137,651272,581965,82.28,80.37,1515676,1233237,81.37,1.91,Very High (>75%)
54,tezpur,assam,9,654866,604702,505643,475045,77.21,78.56,1259568,980688,77.86,-1.35,Very High (>75%)
55,nowgong,assam,10,792424,731457,639392,590682,80.69,80.75,1523881,1230074,80.72,-0.06,Very High (>75%)
56,kaliabor,assam,11,752785,705080,605292,561198,80.41,79.59,1457865,1166490,80.01,0.82,Very High (>75%)
57,jorhat,assam,12,634236,600212,483829,447507,76.29,74.56,1234448,931336,75.45,1.73,Very High (>75%)
58,dibrugarh,assam,13,579657,544648,462412,428556,79.77,78.68,1124305,890968,79.25,1.09,Very High (>75%)
59,lakhimpur,assam,14,735263,695731,572334,539641,77.84,77.56,1430994,1111975,77.71,0.28,Very High (>75%)
60,valmiki nagar,bihar,1,786297,670279,484621,415493,61.63,61.99,1456576,900114,61.8,-0.36,Medium (50–65%)
61,paschim champaran,bihar,2,769352,643721,469114,385686,60.98,59.92,1413073,854800,60.49,1.06,Medium (50–65%)
62,purvi champaran,bihar,3,788561,664402,442103,380568,56.06,57.28,1452963,822671,56.62,-1.22,Medium (50–65%)
63,sheohar,bihar,4,794679,695045,433416,409478,54.54,58.91,1489724,842894,56.58,-4.37,Medium (50–65%)
64,sitamarhi,bihar,5,832370,742544,449303,451285,53.98,60.78,1574914,900588,57.18,-6.8,Medium (50–65%)
65,madhubani,bihar,6,877284,750685,413878,446575,47.18,59.49,1627969,860453,52.85,-12.31,Medium (50–65%)
66,jhanjharpur,bihar,7,884884,765869,452082,489167,51.09,63.87,1650753,941249,57.02,-12.78,Medium (50–65%)
67,supaul,bihar,8,796979,728613,468183,502345,58.74,68.95,1525592,970528,63.62,-10.21,Medium (50–65%)
68,araria,bihar,9,842884,744464,492492,483319,58.43,64.92,1587348,975811,61.47,-6.49,Medium (50–65%)
69,kishanganj,bihar,10,762877,676113,471209,457281,61.77,67.63,1438990,928490,64.52,-5.86,Medium (50–65%)
70,katihar,bihar,11,769044,677434,495564,482266,64.44,71.19,1446478,977830,67.6,-6.75,High (65–75%)
71,purnia,bihar,12,833610,749357,511512,506220,61.36,67.55,1582967,1017732,64.29,-6.19,Medium (50–65%)
72,madhepura,bihar,13,899271,826307,508914,525885,56.59,63.64,1725578,1034799,59.97,-7.05,Medium (50–65%)
73,darbhanga,bihar,14,797470,697976,407047,421295,51.04,60.36,1495446,828342,55.39,-9.32,Medium (50–65%)
74,muzaffarpur,bihar,15,830943,720420,490954,457933,59.08,63.56,1551363,948887,61.16,-4.48,Medium (50–65%)
75,vaishali,bihar,16,854781,732421,482598,443339,56.46,60.53,1587202,925937,58.34,-4.07,Medium (50–65%)
76,gopalganj (sc),bihar,17,861019,791748,446731,456852,51.88,57.7,1652767,903583,54.67,-5.82,Medium (50–65%)
77,siwan,bihar,18,841735,722125,443867,440154,52.73,60.95,1563860,884021,56.53,-8.22,Medium (50–65%)
78,maharajganj,bihar,19,882264,762260,420364,426290,47.65,55.92,1644524,846654,51.48,-8.27,Medium (50–65%)
79,saran,bihar,20,833361,705383,450964,412290,54.11,58.45,1538744,863254,56.1,-4.34,Medium (50–65%)
80,hajipur (sc),bihar,21,895047,754500,478252,426501,53.43,56.53,1649547,904753,54.85,-3.1,Medium (50–65%)
81,ujiarpur,bihar,22,768123,660322,433926,424994,56.49,64.36,1428445,858920,60.13,-7.87,Medium (50–65%)
82,samastipur (sc),bihar,23,805601,697404,430736,432463,53.47,62.01,1503005,863199,57.43,-8.54,Medium (50–65%)
83,begusarai,bihar,24,949825,828934,546041,531814,57.49,64.16,1778759,1077855,60.6,-6.67,Medium (50–65%)
84,khagaria,bihar,25,793168,698900,445965,450266,56.23,64.42,1492068,896231,60.07,-8.19,Medium (50–65%)
85,bhagalpur,bihar,26,895185,790154,522657,451359,58.39,57.12,1685339,974016,57.79,1.27,Medium (50–65%)
86,banka,bihar,27,825010,724446,461098,438255,55.89,60.5,1549456,899353,58.04,-4.61,Medium (50–65%)
87,munger,bihar,28,921436,775110,506184,408166,54.93,52.66,1696546,914350,53.89,2.27,Medium (50–65%)
88,nalanda,bihar,29,1036575,915392,503097,418664,48.53,45.74,1951967,921761,47.22,2.79,Low (<50%)
89,patna sahib,bihar,30,1052278,893971,511447,370815,48.6,41.48,1946249,882262,45.33,7.12,Low (<50%)
90,pataliputra,bihar,31,934086,801988,553915,424734,59.3,52.96,1736074,978649,56.37,6.34,Medium (50–65%)
91,arrah,bihar,32,1010040,822292,516366,376847,51.12,45.83,1832332,893213,48.75,5.29,Low (<50%)
92,buxar,bihar,33,878312,762255,493930,394274,56.24,51.72,1640567,888204,54.14,4.52,Medium (50–65%)
93,sasaram (sc),bihar,34,859397,748350,474117,372671,55.17,49.8,1607747,846788,52.67,5.37,Medium (50–65%)
94,karakat,bihar,35,845707,724282,453576,336351,53.63,46.44,1569989,789927,50.31,7.19,Medium (50–65%)
95,jahanabad,bihar,36,751585,671661,443737,367779,59.04,54.76,1423246,811516,57.02,4.28,Medium (50–65%)
96,aurangabad,bihar,37,825574,710579,430800,355474,52.18,50.03,1536153,786274,51.18,2.15,Medium (50–65%)
97,gaya (sc),bihar,38,790868,709883,444510,364868,56.21,51.4,1500751,809378,53.93,4.81,Medium (50–65%)
98,nawada,bihar,39,887050,788739,478217,406224,53.91,51.5,1675789,884441,52.78,2.41,Medium (50–65%)
99,jamui (sc),bihar,40,828406,722530,415743,359896,50.19,49.81,1550936,775639,50.01,0.38,Medium (50–65%)
100,chandigarh,chandigarh,1,333621,281593,244956,208499,73.42,74.04,615214,453455,73.71,-0.62,High (65–75%)
101,sarguja,chattisgarh,1,771303,751769,610877,576444,79.2,76.68,1523072,1187321,77.96,2.52,Very High (>75%)
102,raigarh,chattisgarh,2,807353,798471,630570,615616,78.1,77.1,1605824,1246186,77.6,1.0,Very High (>75%)
103,janjgir-champa,chattisgarh,3,890439,847093,558677,514670,62.74,60.76,1737532,1073347,61.77,1.98,Medium (50–65%)
104,korba,chattisgarh,4,725821,693789,546046,506674,75.23,73.03,1419610,1052720,74.16,2.2,High (65–75%)
105,bilaspur,chattisgarh,5,889222,838103,573253,517204,64.47,61.71,1727325,1090457,63.13,2.76,Medium (50–65%)
106,rajnandgaon,chattisgarh,6,794427,793668,601874,576422,75.76,72.63,1588095,1178296,74.2,3.13,High (65–75%)
107,durg,chattisgarh,7,945656,910125,660504,597838,69.85,65.69,1855781,1258342,67.81,4.16,High (65–75%)
108,raipur,chattisgarh,8,979133,925097,659070,591775,67.31,63.97,1904230,1250845,65.69,3.34,High (65–75%)
109,mahasamund,chattisgarh,9,757276,758471,576917,554292,76.18,73.08,1515747,1131209,74.63,3.1,High (65–75%)
110,bastar,chattisgarh,10,632814,665245,387112,382801,61.17,57.54,1298059,769913,59.31,3.63,Medium (50–65%)
111,kanker,chattisgarh,11,722339,725435,515793,501150,71.41,69.08,1447774,1016943,70.24,2.33,High (65–75%)
112,dadar & nagar haveli,dadra & nagar haveli,1,106215,90402,87800,77486,82.66,85.71,196617,165286,84.06,-3.05,Very High (>75%)
113,daman & diu,daman & diu,1,57011,54816,42378,44855,74.33,81.83,111827,87233,78.01,-7.5,Very High (>75%)
114,north goa,goa,1,255870,259571,200184,206447,78.24,79.53,515441,406631,78.89,-1.29,Very High (>75%)
115,south goa,goa,2,272438,272898,195582,214787,71.79,78.71,545336,410369,75.25,-6.92,Very High (>75%)
116,kachchh,gujarat,1,806343,727439,520905,425335,64.6,58.47,1533782,946240,61.69,6.13,Medium (50–65%)
117,banaskantha,gujarat,2,796124,719587,513893,372741,64.55,51.8,1515711,886634,58.5,12.75,Medium (50–65%)
118,patan,gujarat,3,846195,782446,529513,426286,62.58,54.48,1628641,955799,58.69,8.1,Medium (50–65%)
119,mahesana,gujarat,4,777821,720398,544710,459548,70.03,63.79,1498219,1004258,67.03,6.24,High (65–75%)
120,sabarkantha,gujarat,5,833521,782319,587807,506195,70.52,64.7,1615840,1094002,67.7,5.82,High (65–75%)
121,gandhinagar,gujarat,6,900744,833228,620889,514606,68.93,61.76,1733972,1135495,65.49,7.17,High (65–75%)
122,ahmedabad east,gujarat,7,852765,749067,560074,425451,65.68,56.8,1601832,985525,61.52,8.88,Medium (50–65%)
123,ahmedabad west,gujarat,8,800933,733467,534008,430601,66.67,58.71,1534400,964609,62.87,7.96,Medium (50–65%)
124,surendranagar,gujarat,9,877745,778912,542339,402338,61.79,51.65,1656657,944677,57.02,10.14,Medium (50–65%)
125,rajkot,gujarat,10,864760,790957,593333,463736,68.61,58.63,1655717,1057069,63.84,9.98,Medium (50–65%)
126,porbandar,gujarat,11,807383,731840,471495,337938,58.4,46.18,1539223,809433,52.59,12.22,Medium (50–65%)
127,jamnagar,gujarat,12,771004,699948,486177,366466,63.06,52.36,1470952,852643,57.97,10.7,Medium (50–65%)
128,junagadh,gujarat,13,772017,713526,516158,425220,66.86,59.59,1485543,941378,63.37,7.27,Medium (50–65%)
129,amreli,gujarat,14,777662,708624,457547,351269,58.84,49.57,1486286,808816,54.42,9.27,Medium (50–65%)
130,bhavnagar,gujarat,15,834571,759960,519525,397877,62.25,52.35,1594531,917402,57.53,9.9,Medium (50–65%)
131,anand,gujarat,16,781120,715739,541176,429718,69.28,60.04,1496859,970894,64.86,9.24,Medium (50–65%)
132,kheda,gujarat,17,833232,766244,542955,412951,65.16,53.89,1599476,955906,59.76,11.27,Medium (50–65%)
133,panchmahal,gujarat,18,820230,756437,516017,417444,62.91,55.19,1576667,933461,59.2,7.72,Medium (50–65%)
134,dahod,gujarat,19,712184,699581,469459,430922,65.92,61.6,1411765,900381,63.78,4.32,Medium (50–65%)
135,vadodara,gujarat,20,849077,789244,625045,536532,73.61,67.98,1638321,1161577,70.9,5.63,High (65–75%)
136,chhota udaipur,gujarat,21,798160,738145,593192,507350,74.32,68.73,1536305,1100542,71.64,5.59,High (65–75%)
137,bharuch,gujarat,22,734861,682687,564668,495543,76.84,72.59,1417548,1060211,74.79,4.25,High (65–75%)
138,bardoli,gujarat,23,829648,784458,637345,568834,76.82,72.51,1614106,1206179,74.73,4.31,High (65–75%)
139,surat,gujarat,24,803829,680239,539368,408554,67.1,60.06,1484068,947922,63.87,7.04,Medium (50–65%)
140,navsari,gujarat,25,972090,792532,649206,511541,66.78,64.55,1764622,1160747,65.78,2.23,High (65–75%)
141,valsad,gujarat,26,775073,736988,582311,539892,75.13,73.26,1512061,1122203,74.22,1.87,High (65–75%)
142,ambala,haryana,1,909708,782519,667400,551595,73.36,70.49,1692227,1218995,72.03,2.87,High (65–75%)
143,kurukshetra,haryana,2,807700,690759,618607,517285,76.59,74.89,1498459,1135892,75.8,1.7,Very High (>75%)
144,sirsa,haryana,3,886303,774254,692891,586214,78.18,75.71,1660557,1279105,77.03,2.47,Very High (>75%)
145,hisar,haryana,4,825688,691918,637718,518196,77.23,74.89,1517606,1155914,76.17,2.34,Very High (>75%)
146,karnal,haryana,5,913321,771000,666808,526692,73.01,68.31,1684321,1193500,70.86,4.7,High (65–75%)
147,sonipat,haryana,6,777824,639364,551168,434469,70.86,67.95,1417188,985637,69.55,2.91,High (65–75%)
148,rohtak,haryana,7,850125,717379,578351,465980,68.03,64.96,1567504,1044331,66.62,3.07,High (65–75%)
149,bhiwani-mahendragarh,haryana,8,792166,681746,559833,470598,70.67,69.03,1473912,1030431,69.91,1.64,High (65–75%)
150,gurgaon,haryana,9,984370,861253,727397,593222,73.89,68.88,1845623,1320619,71.55,5.01,High (65–75%)
151,faridabad,haryana,10,969407,770945,651411,479315,67.2,62.17,1740352,1130726,64.97,5.03,Medium (50–65%)
152,kangra,himachal pradesh,1,645888,612713,392927,406518,60.84,66.35,1258601,799445,63.52,-5.51,Medium (50–65%)
153,mandi,himachal pradesh,2,587833,562575,377569,348525,64.23,61.95,1150408,726094,63.12,2.28,Medium (50–65%)
154,hamirpur,himachal pradesh,3,633572,614127,395804,439401,62.47,71.55,1247699,835205,66.94,-9.08,High (65–75%)
155,shimla,himachal pradesh,4,607137,546226,403332,334425,66.43,61.22,1153363,737757,63.97,5.21,Medium (50–65%)
156,baramulla,jammu & kashmir,1,624008,566737,256249,209743,41.07,37.01,1190745,465992,39.13,4.06,Low (<50%)
157,srinagar,jammu & kashmir,2,630716,574517,178554,133658,28.31,23.26,1205233,312212,25.9,5.05,Low (<50%)
158,anantnag,jammu & kashmir,3,684820,616203,211582,163697,30.9,26.57,1301023,375279,28.84,4.33,Low (<50%)
159,ladakh,jammu & kashmir,4,86259,80504,58035,59994,67.28,74.52,166763,118029,70.78,-7.24,High (65–75%)
160,udhampur,jammu & kashmir,5,798910,691334,557757,484001,69.81,70.01,1490244,1041758,69.91,-0.2,High (65–75%)
161,jammu,jammu & kashmir,6,977308,870847,665407,588186,68.09,67.54,1848155,1253593,67.83,0.55,High (65–75%)
162,rajmahal,jharkhand,1,691254,661918,491007,460556,71.03,69.58,1353172,951563,70.32,1.45,High (65–75%)
163,dumka,jharkhand,2,646885,600270,466521,436539,72.12,72.72,1247155,903060,72.41,-0.6,High (65–75%)
164,godda,jharkhand,3,825706,764922,550327,499115,66.65,65.25,1590628,1049442,65.98,1.4,High (65–75%)
165,chatra,jharkhand,4,696514,616031,383079,329892,55.0,53.55,1312545,712971,54.32,1.45,Medium (50–65%)
166,kodarma,jharkhand,5,870016,769613,535513,489393,61.55,63.59,1639629,1024906,62.51,-2.04,Medium (50–65%)
167,giridih,jharkhand,6,811986,703151,531267,438730,65.43,62.39,1515137,969997,64.02,3.04,Medium (50–65%)
168,dhanbad,jharkhand,7,1032005,857989,642644,501258,62.27,58.42,1889994,1143902,60.52,3.85,Medium (50–65%)
169,ranchi,jharkhand,8,868783,779681,562894,486889,64.79,62.45,1648464,1049783,63.68,2.34,Medium (50–65%)
170,jamshedpur,jharkhand,9,811632,770033,548176,500964,67.54,65.06,1581665,1049140,66.33,2.48,High (65–75%)
171,singhbhum,jharkhand,10,583444,569126,403528,391758,69.16,68.84,1152570,795286,69.0,0.32,High (65–75%)
172,khunti,jharkhand,11,565544,546308,373120,363835,65.98,66.6,1111852,736955,66.28,-0.62,High (65–75%)
173,lohardaga,jharkhand,12,578883,540261,333938,317522,57.69,58.77,1119144,651460,58.21,-1.08,Medium (50–65%)
174,palamau,jharkhand,13,890010,755947,523454,453869,58.81,60.04,1645957,977323,59.38,-1.23,Medium (50–65%)
175,hazaribagh,jharkhand,14,812487,706344,515008,452144,63.39,64.01,1518831,967152,63.68,-0.62,Medium (50–65%)
176,chikkodi,karnataka,1,746113,696183,564257,506846,75.63,72.8,1442296,1071103,74.26,2.83,High (65–75%)
177,belgaum,karnataka,2,807598,773419,570120,508427,70.59,65.74,1581017,1078547,68.22,4.85,High (65–75%)
178,bagalkot,karnataka,3,793338,775282,561781,517529,70.81,66.75,1568620,1079310,68.81,4.06,High (65–75%)
179,bijapur,karnataka,4,847815,774820,521565,445192,61.52,57.46,1622635,966757,59.58,4.06,Medium (50–65%)
180,gulbarga,karnataka,5,878311,843679,523062,474576,59.55,56.25,1721990,997638,57.94,3.3,Medium (50–65%)
181,raichur,karnataka,6,835969,825637,508764,460125,60.86,55.73,1661606,968889,58.31,5.13,Medium (50–65%)
182,bidar,karnataka,7,839154,761808,506363,453021,60.34,59.47,1600962,959384,59.93,0.87,Medium (50–65%)
183,koppal,karnataka,8,770316,764789,526001,480507,68.28,62.83,1535105,1006508,65.57,5.45,High (65–75%)
184,bellary,karnataka,9,750789,737156,542128,503644,72.21,68.32,1487945,1045772,70.28,3.89,High (65–75%)
185,haveri,karnataka,10,807076,751673,595257,520711,73.75,69.27,1558749,1115968,71.59,4.48,High (65–75%)
186,dharwad,karnataka,11,809486,769538,562991,478235,69.55,62.15,1579024,1041226,65.94,7.4,High (65–75%)
187,uttara kannada,karnataka,12,742865,707734,521541,479497,70.21,67.75,1450599,1001038,69.01,2.46,High (65–75%)
188,davanagere,karnataka,13,772126,750586,581292,533576,75.28,71.09,1522712,1114868,73.22,4.19,High (65–75%)
189,shimoga,karnataka,14,778767,783474,572407,556601,73.5,71.04,1562241,1129008,72.27,2.46,High (65–75%)
190,udupi chikmagalur,karnataka,15,679286,708009,511470,522638,75.3,73.82,1387295,1034108,74.54,1.48,High (65–75%)
191,hassan,karnataka,16,789668,771668,586090,561082,74.22,72.71,1561336,1147172,73.47,1.51,High (65–75%)
192,dakshina kannada,karnataka,17,774500,790781,595647,611827,76.91,77.37,1565281,1207474,77.14,-0.46,Very High (>75%)
193,chitradurga,karnataka,18,844864,816408,573250,523249,67.85,64.09,1661272,1096499,66.0,3.76,High (65–75%)
194,tumkur,karnataka,19,764561,753957,565612,535872,73.98,71.07,1518518,1101484,72.54,2.91,High (65–75%)
195,mandya,karnataka,20,839052,830210,604906,587732,72.09,70.79,1669262,1192638,71.45,1.3,High (65–75%)
196,mysore,karnataka,21,867893,855241,598003,561591,68.9,65.66,1723134,1159594,67.3,3.24,High (65–75%)
197,chamarajanagar,karnataka,22,789383,766396,585209,547820,74.13,71.48,1555779,1133029,72.83,2.65,High (65–75%)
198,bangalore rural,karnataka,23,1135845,1054552,758619,696625,66.79,66.06,2190397,1455244,66.44,0.73,High (65–75%)
199,bangalore north,karnataka,24,1260356,1141116,721638,635080,57.26,55.65,2401472,1356718,56.5,1.61,Medium (50–65%)
200,bangalore central,karnataka,25,1010586,921077,574475,500114,56.85,54.3,1931663,1074589,55.63,2.55,Medium (50–65%)
201,bangalore south,karnataka,26,1051316,948566,597291,516435,56.81,54.44,1999882,1113726,55.69,2.37,Medium (50–65%)
202,chikkballapur,karnataka,27,843740,814602,653492,609782,77.45,74.86,1658342,1263274,76.18,2.59,Very High (>75%)
203,kolar,karnataka,28,755450,737525,582601,544722,77.12,73.86,1492975,1127323,75.51,3.26,Very High (>75%)
204,kasaragod,kerala,1,595047,648683,459537,514678,77.23,79.34,1243730,974215,78.33,-2.11,Very High (>75%)
205,kannur,kerala,2,548454,621812,439557,507560,80.14,81.63,1170266,947117,80.93,-1.49,Very High (>75%)
206,vadakara,kerala,3,561168,621336,437556,521786,77.97,83.98,1182504,959342,81.13,-6.01,Very High (>75%)
207,wayanad,kerala,4,614822,634598,454300,460706,73.89,72.6,1249420,915006,73.23,1.29,High (65–75%)
208,kozhikode,kerala,5,571709,610775,457548,485461,80.03,79.48,1182484,943009,79.75,0.55,Very High (>75%)
209,malappuram,kerala,6,598207,600237,415980,437487,69.54,72.89,1198444,853467,71.21,-3.35,High (65–75%)
210,ponnani,kerala,7,574106,606683,405116,466476,70.56,76.89,1180789,871592,73.81,-6.33,High (65–75%)
211,palakkad,kerala,8,587379,621379,444510,465812,75.68,74.96,1208758,910322,75.31,0.72,Very High (>75%)
212,alathur,kerala,9,591950,624401,452858,474370,76.5,75.97,1216351,927228,76.23,0.53,Very High (>75%)
213,thrissur,kerala,10,606518,668770,434202,486303,71.59,72.72,1275288,920505,72.18,-1.13,High (65–75%)
214,chalakudy,kerala,11,565081,585410,436712,447321,77.28,76.41,1150491,884033,76.84,0.87,Very High (>75%)
215,ernakulam,kerala,12,565809,590658,428565,422269,75.74,71.49,1156467,850834,73.57,4.25,High (65–75%)
216,idukki,kerala,13,578849,579886,425049,394717,73.43,68.07,1158735,819766,70.75,5.36,High (65–75%)
217,kottayam,kerala,14,573571,587892,426879,404757,74.42,68.85,1161463,831636,71.6,5.57,High (65–75%)
218,alappuzha,kerala,15,611877,659447,477885,519579,78.1,78.79,1271324,997464,78.46,-0.69,Very High (>75%)
219,mavelikkara,kerala,16,592702,659966,416969,472091,70.35,71.53,1252668,889060,70.97,-1.18,High (65–75%)
220,pathanamthitta,kerala,17,631495,692411,425771,443681,67.42,64.08,1323906,869452,65.67,3.34,High (65–75%)
221,kollam,kerala,18,575296,644119,408322,470734,70.98,73.08,1219415,879056,72.09,-2.1,High (65–75%)
222,attingal,kerala,19,575780,675618,396246,463104,68.82,68.55,1251398,859350,68.67,0.27,High (65–75%)
223,thiruvananthapuram,kerala,20,614438,658310,434623,438816,70.74,66.66,1272748,873439,68.63,4.08,High (65–75%)
224,lakshadweep,lakshadweep,1,25433,24489,21585,21654,84.87,88.42,49922,43239,86.61,-3.55,Very High (>75%)
225,morena,madhya pradesh,1,938466,764026,538708,315571,57.4,41.3,1702492,854279,50.18,16.1,Medium (50–65%)
226,bhind,madhya pradesh,2,890851,707318,469603,259481,52.71,36.69,1598169,729084,45.62,16.02,Low (<50%)
227,gwalior,madhya pradesh,3,1024155,852848,595934,394978,58.19,46.31,1877003,990912,52.79,11.88,Medium (50–65%)
228,guna,madhya pradesh,4,857328,748291,581485,395144,67.83,52.81,1605619,976629,60.83,15.02,Medium (50–65%)
229,sagar,madhya pradesh,5,815357,704827,536674,355255,65.82,50.4,1520184,891929,58.67,15.42,Medium (50–65%)
230,tikamgarh,madhya pradesh,6,820908,708095,466689,299632,56.85,42.32,1529003,766321,50.12,14.53,Medium (50–65%)
231,damoh,madhya pradesh,7,882506,768600,557919,354161,63.22,46.08,1651106,912080,55.24,17.14,Medium (50–65%)
232,khajuraho,madhya pradesh,8,907312,795482,517341,357136,57.02,44.9,1702794,874477,51.36,12.12,Medium (50–65%)
233,satna,madhya pradesh,9,772026,686058,499928,413516,64.76,60.27,1458084,913444,62.65,4.49,Medium (50–65%)
234,rewa,madhya pradesh,10,821800,722919,457663,372339,55.69,51.5,1544719,830002,53.73,4.19,Medium (50–65%)
235,sidhi,madhya pradesh,11,915700,820350,548026,441370,59.85,53.8,1736050,989396,56.99,6.05,Medium (50–65%)
236,shahdol,madhya pradesh,12,806945,754376,527939,440579,65.42,58.4,1561321,968518,62.03,7.02,Medium (50–65%)
237,jabalpur,madhya pradesh,13,897949,813734,558617,443567,62.21,54.51,1711683,1002184,58.55,7.7,Medium (50–65%)
238,mandla,madhya pradesh,14,925971,898453,641915,576603,69.32,64.18,1824424,1218518,66.79,5.14,High (65–75%)
239,balaghat,madhya pradesh,15,822667,807102,571601,541763,69.48,67.12,1629769,1113364,68.31,2.36,High (65–75%)
240,chhindwara,madhya pradesh,16,721482,679795,584759,522739,81.05,76.9,1401277,1107498,79.03,4.15,Very High (>75%)
241,hoshangabad,madhya pradesh,17,835492,732635,593957,437218,71.09,59.68,1568127,1031175,65.76,11.41,High (65–75%)
242,vidisha,madhya pradesh,18,872410,761960,621326,452147,71.22,59.34,1634370,1073473,65.68,11.88,High (65–75%)
243,bhopal,madhya pradesh,19,1039004,917932,639683,490499,61.57,53.44,1956936,1130182,57.75,8.13,Medium (50–65%)
244,rajgarh,madhya pradesh,20,827001,751747,598652,412072,72.39,54.82,1578748,1010724,64.02,17.57,Medium (50–65%)
245,dewas,madhya pradesh,21,843555,773660,654121,489847,77.54,63.32,1617215,1143968,70.74,14.22,High (65–75%)
246,ujjain,madhya pradesh,22,790889,734592,571525,444880,72.26,60.56,1525481,1016405,66.63,11.7,High (65–75%)
247,mandsour,madhya pradesh,23,838076,788495,640484,520865,76.42,66.06,1626571,1161349,71.4,10.36,High (65–75%)
248,ratlam,madhya pradesh,24,860947,841701,570248,512433,66.23,60.88,1702648,1082681,63.59,5.35,Medium (50–65%)
249,dhar,madhya pradesh,25,858093,810348,586865,489951,68.39,60.46,1668441,1076816,64.54,7.93,Medium (50–65%)
250,indore,madhya pradesh,26,1106461,1008842,736759,580058,66.59,57.5,2115303,1316817,62.25,9.09,Medium (50–65%)
251,khargone,madhya pradesh,27,866897,836374,614411,538114,70.87,64.34,1703271,1152525,67.67,6.53,High (65–75%)
252,khandwa,madhya pradesh,28,912747,846663,677574,579753,74.23,68.48,1759410,1257327,71.46,5.75,High (65–75%)
253,betul,madhya pradesh,29,836835,770987,574150,473569,68.61,61.42,1607822,1047719,65.16,7.19,High (65–75%)
254,nandurbar,maharashtra,1,852379,820336,584580,532096,68.58,64.86,1672715,1116676,66.76,3.72,High (65–75%)
255,dhule,maharashtra,2,878610,795859,543252,439831,61.83,55.26,1674469,983083,58.71,6.57,Medium (50–65%)
256,jalgaon,maharashtra,3,909027,798906,594892,395440,65.44,49.5,1707933,990332,57.98,15.94,Medium (50–65%)
257,raver,maharashtra,4,842682,750688,554159,455054,65.76,60.62,1593370,1009213,63.34,5.14,Medium (50–65%)
258,buldhana,maharashtra,5,845547,750687,535993,442633,63.39,58.96,1596234,978626,61.31,4.43,Medium (50–65%)
259,akola,maharashtra,6,869922,776541,544432,434059,62.58,55.9,1646463,978491,59.43,6.68,Medium (50–65%)
260,amravati,maharashtra,7,848050,763315,556250,447811,65.59,58.67,1611365,1004061,62.31,6.92,Medium (50–65%)
261,wardha,maharashtra,8,817514,747039,554658,458787,67.85,61.41,1564553,1013445,64.78,6.44,Medium (50–65%)
262,ramtek,maharashtra,9,887157,790088,576939,473377,65.03,59.91,1677245,1050316,62.62,5.12,Medium (50–65%)
263,nagpur,maharashtra,10,979995,920792,579529,505529,59.14,54.9,1900787,1085058,57.08,4.24,Medium (50–65%)
264,bhandara - gondiya,maharashtra,11,841442,814842,615957,581239,73.2,71.33,1656284,1197196,72.28,1.87,High (65–75%)
265,gadchiroli-chimur,maharashtra,12,753927,715840,537086,490043,71.24,68.46,1469767,1027129,69.88,2.78,High (65–75%)
266,chandrapur,maharashtra,13,921099,832591,602923,506820,65.46,60.87,1753690,1109743,63.28,4.59,Medium (50–65%)
267,yavatmal-washim,maharashtra,14,916049,827449,585785,447164,63.95,54.04,1743498,1032949,59.25,9.91,Medium (50–65%)
268,hingoli,maharashtra,15,839540,746654,576774,474390,68.7,63.54,1586194,1051164,66.27,5.16,High (65–75%)
269,nanded,maharashtra,16,878553,808504,549945,463405,62.6,57.32,1687057,1013350,60.07,5.28,Medium (50–65%)
270,parbhani,maharashtra,17,945899,857893,637950,524283,67.44,61.11,1803792,1162233,64.43,6.33,Medium (50–65%)
271,jalna,maharashtra,18,866726,745328,596359,469900,68.81,63.05,1612054,1066259,66.14,5.76,High (65–75%)
272,aurangabad,maharashtra,19,846023,743370,554669,428264,65.56,57.61,1589393,982933,61.84,7.95,Medium (50–65%)
273,dindori,maharashtra,20,808018,722121,546989,423193,67.7,58.6,1530139,970182,63.4,9.1,Medium (50–65%)
274,nashik,maharashtra,21,850457,742780,524572,412833,61.68,55.58,1593237,937405,58.84,6.1,Medium (50–65%)
275,palghar,maharashtra,22,830432,747645,532639,459979,64.14,61.52,1578077,992618,62.9,2.62,Medium (50–65%)
276,bhiwandi,maharashtra,23,945405,751184,503035,372570,53.21,49.6,1696589,875605,51.61,3.61,Medium (50–65%)
277,kalyan,maharashtra,24,1045495,876551,470781,353415,45.03,40.32,1922046,824196,42.88,4.71,Low (<50%)
278,thane,maharashtra,25,1142158,931284,591189,463000,51.76,49.72,2073442,1054189,50.84,2.04,Medium (50–65%)
279,mumbai north,maharashtra,26,972645,811225,527803,418759,54.26,51.62,1783870,946562,53.06,2.64,Medium (50–65%)
280,mumbai north west,maharashtra,27,986908,788520,503191,392326,50.99,49.75,1775428,895517,50.44,1.24,Medium (50–65%)
281,mumbai north east,maharashtra,28,923016,745341,485775,375986,52.63,50.44,1668357,861761,51.65,2.19,Medium (50–65%)
282,mumbai north central,maharashtra,29,967474,771420,472265,373027,48.81,48.36,1738894,845292,48.61,0.45,Low (<50%)
283,mumbai south central,maharashtra,30,793801,654084,424521,344539,53.48,52.68,1447885,769060,53.12,0.8,Medium (50–65%)
284,mumbai south,maharashtra,31,828964,656882,437435,343280,52.77,52.26,1485846,780715,52.54,0.51,Medium (50–65%)
285,raigad,maharashtra,32,752491,780290,485586,502180,64.53,64.36,1532781,987766,64.44,0.17,Medium (50–65%)
286,maval,maharashtra,33,1035960,917781,647176,527159,62.47,57.44,1953741,1174335,60.11,5.03,Medium (50–65%)
287,pune,maharashtra,34,949567,886269,533686,459588,56.2,51.86,1835836,993274,54.1,4.34,Medium (50–65%)
288,baramati,maharashtra,35,960387,853156,602604,463952,62.75,54.38,1813543,1066556,58.81,8.37,Medium (50–65%)
289,shirur,maharashtra,36,973236,850876,613828,475678,63.07,55.9,1824112,1089506,59.73,7.17,Medium (50–65%)
290,ahmadnagar,maharashtra,37,898819,800589,595960,466358,66.3,58.25,1699408,1062318,62.51,8.05,Medium (50–65%)
291,shirdi,maharashtra,38,765921,693791,520229,412416,67.92,59.44,1459712,932645,63.89,8.48,Medium (50–65%)
292,beed,maharashtra,39,963462,829188,681038,551164,70.69,66.47,1792650,1232202,68.74,4.22,High (65–75%)
293,osmanabad,maharashtra,40,932838,793955,612411,505740,65.65,63.7,1726793,1118151,64.75,1.95,Medium (50–65%)
294,latur,maharashtra,41,897919,784688,578053,479103,64.38,61.06,1682607,1057156,62.83,3.32,Medium (50–65%)
295,solapur,maharashtra,42,893736,809019,527346,423855,59.0,52.39,1702755,951201,55.86,6.61,Medium (50–65%)
296,madha,maharashtra,43,912736,814572,595626,483993,65.26,59.42,1727308,1079619,62.5,5.84,Medium (50–65%)
297,sangli,maharashtra,44,861582,787525,558707,487952,64.85,61.96,1649107,1046659,63.47,2.89,Medium (50–65%)
298,satara,maharashtra,45,884020,835978,519692,456989,58.79,54.67,1719998,976681,56.78,4.12,Medium (50–65%)
299,ratnagiri - sindhudurg,maharashtra,46,665668,701693,444364,451892,66.75,64.4,1367361,896256,65.55,2.35,High (65–75%)
300,kolhapur,maharashtra,47,909326,848974,664298,595991,73.05,70.2,1758300,1260289,71.68,2.85,High (65–75%)
301,hatkanangle,maharashtra,48,850574,780024,631647,557224,74.26,71.44,1630598,1188871,72.91,2.82,High (65–75%)
302,inner manipur,manipur,1,417122,438237,306721,334150,73.53,76.25,855359,640871,74.92,-2.72,High (65–75%)
303,outer manipur,manipur,2,454309,464657,378706,393060,83.36,84.59,918966,771766,83.98,-1.23,Very High (>75%)
304,shillong,meghalaya,1,480409,500331,292944,327043,60.98,65.37,980740,619987,63.22,-4.39,Medium (50–65%)
305,tura,meghalaya,2,297230,289271,231830,226241,78.0,78.21,586501,458071,78.1,-0.21,Very High (>75%)
306,mizoram,mizoram,1,346219,355951,216167,217034,62.44,60.97,702170,433201,61.69,1.47,Medium (50–65%)
307,nagaland,nagaland,1,600490,582458,529325,509585,88.15,87.49,1182948,1038910,87.82,0.66,Very High (>75%)
308,chandni chowk,nct of delhi,1,791317,655911,550825,431038,69.61,65.72,1447228,981863,67.84,3.89,High (65–75%)
309,north east delhi,nct of delhi,2,1079406,878301,741003,576335,68.65,65.62,1957707,1317338,67.29,3.03,High (65–75%)
310,east delhi,nct of delhi,3,1023325,806253,676648,519688,66.12,64.46,1829578,1196336,65.39,1.66,High (65–75%)
311,new delhi,nct of delhi,4,830322,659825,546295,423517,65.79,64.19,1490147,969812,65.08,1.6,High (65–75%)
312,north west delhi,nct of delhi,5,1212553,981872,756939,599097,62.43,61.02,2194425,1356036,61.79,1.41,Medium (50–65%)
313,west delhi,nct of delhi,6,1108886,930524,743406,604565,67.04,64.97,2039410,1347971,66.1,2.07,High (65–75%)
314,south delhi,nct of delhi,7,1005289,747452,638406,464004,63.5,62.08,1752741,1102410,62.9,1.42,Medium (50–65%)
315,bargarh,orissa,1,751140,679577,595911,527390,79.33,77.61,1430717,1123301,78.51,1.72,Very High (>75%)
316,sundargarh,orissa,2,718689,691843,515665,495046,71.75,71.55,1410532,1010711,71.65,0.2,High (65–75%)
317,sambalpur,orissa,3,669036,628062,505640,478669,75.58,76.21,1297098,984309,75.89,-0.63,Very High (>75%)
318,keonjhar,orissa,4,691369,655314,550822,533047,79.67,81.34,1346683,1083869,80.48,-1.67,Very High (>75%)
319,mayurbhanj,orissa,5,670100,657455,523329,530070,78.1,80.62,1327555,1053399,79.35,-2.52,Very High (>75%)
320,balasore,orissa,6,709342,656876,531966,517484,74.99,78.78,1366218,1049450,76.81,-3.79,Very High (>75%)
321,bhadrak,orissa,7,774566,694932,537966,543373,69.45,78.19,1469498,1081339,73.59,-8.74,High (65–75%)
322,jajpur,orissa,8,696385,607348,511297,469138,73.42,77.24,1303733,980435,75.2,-3.82,Very High (>75%)
323,dhenkanal,orissa,9,722328,641139,551897,490204,76.41,76.46,1363467,1042101,76.43,-0.05,Very High (>75%)
324,bolangir,orissa,10,814968,748057,605802,564603,74.33,75.48,1563025,1170405,74.88,-1.15,High (65–75%)
325,kalahandi,orissa,11,750694,723441,568938,548598,75.79,75.83,1474135,1117536,75.81,-0.04,Very High (>75%)
326,nabarangpur,orissa,12,645875,651335,512721,509451,79.38,78.22,1297210,1022172,78.8,1.16,Very High (>75%)
327,kandhamal,orissa,13,582340,561262,417777,421638,71.74,75.12,1143602,839415,73.4,-3.38,High (65–75%)
328,cuttack,orissa,14,731918,639699,522770,455834,71.42,71.26,1371617,978604,71.35,0.16,High (65–75%)
329,kendrapara,orissa,15,828491,726953,580768,560231,70.1,77.07,1555444,1140999,73.36,-6.97,High (65–75%)
330,jagatsinghpur,orissa,16,797923,701750,588605,543327,73.77,77.42,1499673,1131932,75.48,-3.65,Very High (>75%)
331,puri,orissa,17,742939,661642,540898,498491,72.81,75.34,1404581,1039389,74.0,-2.53,High (65–75%)
332,bhubaneswar,orissa,18,835850,691918,483992,407830,57.9,58.94,1527768,891822,58.37,-1.04,Medium (50–65%)
333,aska,orissa,19,750999,657781,449485,446796,59.85,67.92,1408780,896281,63.62,-8.07,Medium (50–65%)
334,berhampur,orissa,20,680089,654179,451051,454311,66.32,69.45,1334268,905362,67.85,-3.13,High (65–75%)
335,koraput,orissa,21,629268,671169,485223,504221,77.11,75.13,1300437,989444,76.09,1.98,Very High (>75%)
336,puducherry,puducherry,1,432048,469309,351360,388657,81.32,82.81,901357,740017,82.1,-1.49,Very High (>75%)
337,gurdaspur,punjab,1,784477,715860,532819,509880,67.92,71.23,1500337,1042699,69.5,-3.31,High (65–75%)
338,amritsar,punjab,2,779164,698098,537641,469555,69.0,67.26,1477262,1007196,68.18,1.74,High (65–75%)
339,khadoor sahib,punjab,3,817062,746194,536595,503923,65.67,67.53,1563256,1040518,66.56,-1.86,High (65–75%)
340,jalandhar,punjab,4,808530,742967,532246,508516,65.83,68.44,1551497,1040762,67.08,-2.61,High (65–75%)
341,hoshiarpur,punjab,5,762065,723221,473343,487954,62.11,67.47,1485286,961297,64.72,-5.36,Medium (50–65%)
342,anandpur sahib,punjab,6,817186,747535,554256,532307,67.82,71.21,1564721,1086563,69.44,-3.39,High (65–75%)
343,ludhiana,punjab,7,835632,725569,600960,499497,71.92,68.84,1561201,1100457,70.49,3.08,High (65–75%)
344,fatehgarh sahib,punjab,8,740390,656567,551251,479703,74.45,73.06,1396957,1030954,73.8,1.39,High (65–75%)
345,faridkot,punjab,9,768206,686869,548771,483336,71.44,70.37,1455075,1032107,70.93,1.07,High (65–75%)
346,firozpur,punjab,10,808857,713254,590511,514901,73.01,72.19,1522111,1105412,72.62,0.82,High (65–75%)
347,bathinda,punjab,11,813119,712170,627099,549668,77.12,77.18,1525289,1176767,77.15,-0.06,Very High (>75%)
348,sangrur,punjab,12,758197,666546,583487,515980,76.96,77.41,1424743,1099467,77.17,-0.45,Very High (>75%)
349,patiala,punjab,13,834231,746042,593646,527287,71.16,70.68,1580273,1120933,70.93,0.48,High (65–75%)
350,ganganagar,rajasthan,1,909749,808672,681063,575743,74.86,71.2,1718421,1256806,73.14,3.66,High (65–75%)
351,bikaner,rajasthan,2,847064,744004,526983,402768,62.21,54.14,1591068,929751,58.44,8.07,Medium (50–65%)
352,churu,rajasthan,3,928040,825785,600164,530940,64.67,64.3,1753825,1131104,64.49,0.37,Medium (50–65%)
353,jhunjhunu,rajasthan,4,893354,803434,524368,482097,58.7,60.0,1696788,1006465,59.32,-1.3,Medium (50–65%)
354,sikar,rajasthan,5,944231,826193,555682,510068,58.85,61.74,1770424,1065750,60.2,-2.89,Medium (50–65%)
355,jaipur rural,rajasthan,6,906275,793187,554084,459607,61.14,57.94,1699462,1013691,59.65,3.2,Medium (50–65%)
356,jaipur,rajasthan,7,1047468,910350,716874,579932,68.44,63.7,1957818,1296806,66.24,4.74,High (65–75%)
357,alwar,rajasthan,8,871339,756728,587242,475063,67.4,62.78,1628067,1062305,65.25,4.62,High (65–75%)
358,bharatpur,rajasthan,9,911069,775828,548105,414327,60.16,53.4,1686897,962432,57.05,6.76,Medium (50–65%)
359,karauli-dholpur,rajasthan,10,845665,703997,491661,354280,58.14,50.32,1549662,845941,54.59,7.82,Medium (50–65%)
360,dausa,rajasthan,11,814648,709447,519866,410626,63.81,57.88,1524095,930492,61.05,5.93,Medium (50–65%)
361,tonk-sawai madhopur,rajasthan,12,910730,800045,583685,459355,64.09,57.42,1710775,1043040,60.97,6.67,Medium (50–65%)
362,ajmer,rajasthan,13,869354,813938,614697,541617,70.71,66.54,1683292,1156314,68.69,4.17,High (65–75%)
363,nagaur,rajasthan,14,886731,791931,532331,471688,60.03,59.56,1678662,1004019,59.81,0.47,Medium (50–65%)
364,pali,rajasthan,15,994082,898948,581099,514488,58.46,57.23,1893030,1095587,57.87,1.23,Medium (50–65%)
365,jodhpur,rajasthan,16,910466,816897,600132,478466,65.91,58.57,1727363,1078598,62.44,7.34,Medium (50–65%)
366,barmer,rajasthan,17,895593,781989,655642,563477,73.21,72.06,1677582,1219119,72.67,1.15,High (65–75%)
367,jalore,rajasthan,18,964047,860921,581038,506234,60.27,58.8,1824968,1087272,59.58,1.47,Medium (50–65%)
368,udaipur,rajasthan,19,930007,887933,601374,591828,64.66,66.65,1817940,1193202,65.63,-1.99,High (65–75%)
369,banswara,rajasthan,20,863920,828582,579152,592036,67.04,71.45,1692502,1171188,69.2,-4.41,High (65–75%)
370,chittorgarh,rajasthan,21,928572,889575,632047,540582,68.07,60.77,1818147,1172629,64.5,7.3,Medium (50–65%)
371,rajsamand,rajasthan,22,879526,819875,508738,473381,57.84,57.74,1699401,982119,57.79,0.1,Medium (50–65%)
372,bhilwara,rajasthan,23,904030,850847,581524,522566,64.33,61.42,1754877,1104090,62.92,2.91,Medium (50–65%)
373,kota,rajasthan,24,913386,831153,634766,520194,69.5,62.59,1744539,1154960,66.2,6.91,High (65–75%)
374,jhalawar-baran,rajasthan,25,868977,800865,635659,510705,73.15,63.77,1669842,1146364,68.65,9.38,High (65–75%)
375,sikkim,sikkim,1,190886,179725,158222,150745,82.89,83.88,370611,308967,83.37,-0.99,Very High (>75%)
376,thiruvallur,tamil nadu,1,852794,850039,645535,608905,75.7,71.63,1702833,1254440,73.67,4.07,High (65–75%)
377,chennai north,tamil nadu,2,707696,714690,464795,445319,65.68,62.31,1422386,910114,63.99,3.37,Medium (50–65%)
378,chennai south,tamil nadu,3,901207,894573,552474,528689,61.3,59.1,1795780,1081163,60.21,2.2,Medium (50–65%)
379,chennai central,tamil nadu,4,665278,662749,422278,392616,63.47,59.24,1328027,814894,61.36,4.23,Medium (50–65%)
380,sriperumbudur,tamil nadu,5,982862,963641,666226,620421,67.78,64.38,1946503,1286647,66.1,3.4,High (65–75%)
381,kancheepuram,tamil nadu,6,736993,743130,575483,552916,78.09,74.4,1480123,1128399,76.24,3.69,Very High (>75%)
382,arakkonam,tamil nadu,7,692883,708662,543546,545506,78.45,76.98,1401545,1089052,77.7,1.47,Very High (>75%)
383,vellore,tamil nadu,8,652064,660187,483973,490797,74.22,74.34,1312251,974770,74.28,-0.12,High (65–75%)
384,krishnagiri,tamil nadu,9,705468,674489,545948,522443,77.39,77.46,1379957,1068391,77.42,-0.07,Very High (>75%)
385,dharmapuri,tamil nadu,10,696496,661777,567633,533712,81.5,80.65,1358273,1101345,81.08,0.85,Very High (>75%)
386,tiruvannamalai,tamil nadu,11,675321,677645,529027,538420,78.34,79.45,1352966,1067447,78.9,-1.11,Very High (>75%)
387,arani,tamil nadu,12,683921,685747,548023,548023,80.13,79.92,1369668,1096046,80.02,0.21,Very High (>75%)
388,viluppuram,tamil nadu,13,694932,692075,537023,530618,77.28,76.67,1387007,1067641,76.97,0.61,Very High (>75%)
389,kallakurichi,tamil nadu,14,707219,705280,542991,564250,76.78,80.0,1412499,1107241,78.39,-3.22,Very High (>75%)
390,salem,tamil nadu,15,759981,738369,593783,556513,78.13,75.37,1498350,1150296,76.77,2.76,Very High (>75%)
391,namakkal,tamil nadu,16,661113,668439,526519,532236,79.64,79.62,1329552,1058755,79.63,0.02,Very High (>75%)
392,erode,tamil nadu,17,656659,664736,511553,497029,77.9,74.77,1321395,1008582,76.33,3.13,Very High (>75%)
393,tiruppur,tamil nadu,18,697730,677859,543998,506192,77.97,74.68,1375589,1050190,76.34,3.29,Very High (>75%)
394,nilgiris,tamil nadu,19,629731,639432,473163,459913,75.14,71.93,1269163,933076,73.52,3.21,High (65–75%)
395,coimbatore,tamil nadu,20,869034,851177,608666,567954,70.04,66.73,1720211,1176620,68.4,3.31,High (65–75%)
396,pollachi,tamil nadu,21,686943,694562,514739,497928,74.93,71.69,1381505,1012667,73.3,3.24,High (65–75%)
397,dindigul,tamil nadu,22,696160,704371,538540,544824,77.36,77.35,1400531,1083364,77.35,0.01,Very High (>75%)
398,karur,tamil nadu,23,641693,656629,511860,534674,79.77,81.43,1298322,1046534,80.61,-1.66,Very High (>75%)
399,tiruchirappalli,tamil nadu,24,689228,697912,492050,496200,71.39,71.1,1387140,988250,71.24,0.29,High (65–75%)
400,perambalur,tamil nadu,25,634285,651149,500157,530669,78.85,81.5,1285434,1030826,80.19,-2.65,Very High (>75%)
401,cuddalore,tamil nadu,26,625652,622256,486263,498275,77.72,80.08,1247908,984538,78.9,-2.36,Very High (>75%)
402,chidambaram,tamil nadu,27,686864,679325,531368,557055,77.36,82.0,1366189,1088423,79.67,-4.64,Very High (>75%)
403,mayiladuthurai,tamil nadu,28,679940,670378,503949,521589,74.12,77.81,1350318,1025538,75.95,-3.69,Very High (>75%)
404,nagapattinam,tamil nadu,29,606339,604287,454047,488155,74.88,80.78,1210626,942202,77.83,-5.9,Very High (>75%)
405,thanjavur,tamil nadu,30,662576,677474,482240,530018,72.78,78.23,1340050,1012258,75.54,-5.45,Very High (>75%)
406,sivaganga,tamil nadu,31,704489,707884,475004,552032,67.43,77.98,1412373,1027036,72.72,-10.55,High (65–75%)
407,madurai,tamil nadu,32,717175,724259,486336,492010,67.81,67.93,1441434,978346,67.87,-0.12,High (65–75%)
408,theni,tamil nadu,33,720709,720593,529187,546396,73.43,75.83,1441302,1075583,74.63,-2.4,High (65–75%)
409,virudhunagar,tamil nadu,34,669589,680906,497074,513856,74.24,75.47,1350495,1010930,74.86,-1.23,High (65–75%)
410,ramanathapuram,tamil nadu,35,731467,724424,465888,535160,63.69,73.87,1455891,1001048,68.76,-10.18,High (65–75%)
411,thoothukkudi,tamil nadu,36,651366,659231,449405,467373,68.99,70.9,1310597,916778,69.95,-1.91,High (65–75%)
412,tenkasi,tamil nadu,37,688958,693123,490748,527190,71.23,76.06,1382081,1017938,73.65,-4.83,High (65–75%)
413,tirunelveli,tamil nadu,38,705592,714843,469328,493002,66.52,68.97,1420435,962330,67.75,-2.45,High (65–75%)
414,kanniyakumari,tamil nadu,39,743378,724418,489129,501613,65.8,69.24,1467796,990742,67.5,-3.44,High (65–75%)
415,tripura west,tripura,1,635976,612574,546566,526183,85.94,85.9,1248550,1072749,85.92,0.04,Very High (>75%)
416,tripura east,tripura,2,581599,558670,489156,461954,84.11,82.69,1140269,951110,83.41,1.42,Very High (>75%)
417,saharanpur,uttar pradesh,1,873318,735515,653286,541022,74.81,73.56,1608833,1194308,74.23,1.25,High (65–75%)
418,kairana,uttar pradesh,2,840623,691132,618538,500786,73.58,72.46,1531755,1119324,73.07,1.12,High (65–75%)
419,muzaffarnagar,uttar pradesh,3,875186,713297,620606,486828,70.91,68.25,1588483,1107434,69.72,2.66,High (65–75%)
420,bijnor,uttar pradesh,4,848606,713459,577146,483200,68.01,67.73,1562065,1060346,67.88,0.28,High (65–75%)
421,nagina,uttar pradesh,5,795554,697857,484006,458190,60.84,65.66,1493411,942196,63.09,-4.82,Medium (50–65%)
422,moradabad,uttar pradesh,6,961962,810084,627713,500252,65.25,61.75,1772046,1127965,63.65,3.5,Medium (50–65%)
423,rampur,uttar pradesh,7,872084,744900,526970,429419,60.43,57.65,1616984,956389,59.15,2.78,Medium (50–65%)
424,sambhal,uttar pradesh,8,931603,761642,600271,456731,64.43,59.97,1693245,1057002,62.42,4.46,Medium (50–65%)
425,amroha,uttar pradesh,9,829446,714796,589901,505959,71.12,70.78,1544242,1095860,70.96,0.34,High (65–75%)
426,meerut,uttar pradesh,10,971956,792432,632847,480537,65.11,60.64,1764388,1113384,63.1,4.47,Medium (50–65%)
427,baghpat,uttar pradesh,11,850681,654494,582774,421489,68.51,64.4,1505175,1004263,66.72,4.11,High (65–75%)
428,ghaziabad,uttar pradesh,12,1333051,1024495,782170,560150,58.68,54.68,2357546,1342320,56.94,4.0,Medium (50–65%)
429,gautam buddha nagar,uttar pradesh,13,1105855,880262,690761,508477,62.46,57.76,1986117,1199238,60.38,4.7,Medium (50–65%)
430,bulandshahr,uttar pradesh,14,930831,805616,549484,460226,59.03,57.13,1736447,1009710,58.15,1.9,Medium (50–65%)
431,aligarh,uttar pradesh,15,965995,827131,596785,467572,61.78,56.53,1793126,1064357,59.36,5.25,Medium (50–65%)
432,hathras,uttar pradesh,16,969908,789019,596931,452342,61.55,57.33,1758927,1049273,59.65,4.22,Medium (50–65%)
433,mathura,uttar pradesh,17,931615,750645,619091,457777,66.45,60.98,1682260,1076868,64.01,5.47,Medium (50–65%)
434,agra,uttar pradesh,18,1003777,810962,622009,448391,61.97,55.29,1814739,1070400,58.98,6.68,Medium (50–65%)
435,fatehpur sikri,uttar pradesh,19,877271,703311,565971,401997,64.51,57.16,1580582,967968,61.24,7.35,Medium (50–65%)
436,firozabad,uttar pradesh,20,902514,734224,643433,461173,71.29,62.81,1636738,1104606,67.49,8.48,High (65–75%)
437,mainpuri,uttar pradesh,21,900568,752497,580173,419092,64.42,55.69,1653065,999265,60.45,8.73,Medium (50–65%)
438,etah,uttar pradesh,22,856974,720483,520292,405989,60.71,56.35,1577457,926281,58.72,4.36,Medium (50–65%)
439,badaun,uttar pradesh,23,978040,791105,595491,432103,60.89,54.62,1769145,1027594,58.08,6.27,Medium (50–65%)
440,aonla,uttar pradesh,24,917060,736517,572792,422849,62.46,57.41,1653577,995641,60.21,5.05,Medium (50–65%)
441,bareilly,uttar pradesh,25,911410,752671,575414,442477,63.13,58.79,1664081,1017891,61.17,4.34,Medium (50–65%)
442,pilibhit,uttar pradesh,26,903420,767731,586205,464342,64.89,60.48,1671151,1050547,62.86,4.41,Medium (50–65%)
443,shahjahanpur,uttar pradesh,27,1100020,879274,664459,465382,60.4,52.93,1979294,1129841,57.08,7.47,Medium (50–65%)
444,kheri,uttar pradesh,28,904863,774603,606301,471567,67.0,60.88,1679466,1077868,64.18,6.12,Medium (50–65%)
445,dhaurahra,uttar pradesh,29,846798,711241,605309,454962,71.48,63.97,1558039,1060271,68.05,7.51,High (65–75%)
446,sitapur,uttar pradesh,30,837981,712282,582088,444884,69.46,62.46,1550263,1026972,66.25,7.0,High (65–75%)
447,hardoi,uttar pradesh,31,939831,774556,565543,407351,60.17,52.59,1714387,972894,56.75,7.58,Medium (50–65%)
448,misrikh,uttar pradesh,32,948290,777295,590503,407811,62.27,52.47,1725585,998314,57.85,9.8,Medium (50–65%)
449,unnao,uttar pradesh,33,1194396,969996,674580,527023,56.48,54.33,2164392,1201603,55.52,2.15,Medium (50–65%)
450,mohanlalganj,uttar pradesh,34,995313,842881,638688,477900,64.17,56.7,1838194,1116588,60.74,7.47,Medium (50–65%)
451,lucknow,uttar pradesh,35,1052171,897785,582227,451556,55.34,50.3,1949956,1033783,53.02,5.04,Medium (50–65%)
452,rae bareli,uttar pradesh,36,857875,737079,437735,387401,51.03,52.56,1594954,825136,51.73,-1.53,Medium (50–65%)
453,amethi,uttar pradesh,37,890595,779248,461365,413260,51.8,53.03,1669843,874625,52.38,-1.23,Medium (50–65%)
454,sultanpur,uttar pradesh,38,910349,793349,499378,465603,54.86,58.69,1703698,964981,56.64,-3.83,Medium (50–65%)
455,pratapgarh,uttar pradesh,39,923668,792957,457693,436763,49.55,55.08,1716625,894456,52.11,-5.53,Medium (50–65%)
456,farrukhabad,uttar pradesh,40,891934,721847,560566,410111,62.85,56.81,1613781,970677,60.15,6.04,Medium (50–65%)
457,etawah,uttar pradesh,41,938271,768966,530688,408916,56.56,53.18,1707237,939604,55.04,3.38,Medium (50–65%)
458,kannauj,uttar pradesh,42,1000007,808882,629781,484679,62.98,59.92,1808889,1114460,61.61,3.06,Medium (50–65%)
459,kanpur,uttar pradesh,43,889345,721903,485765,349314,54.62,48.39,1611248,835079,51.83,6.23,Medium (50–65%)
460,akbarpur,uttar pradesh,44,977662,790961,559901,411474,57.27,52.02,1768623,971375,54.92,5.25,Medium (50–65%)
461,jalaun,uttar pradesh,45,1045684,857648,579206,529960,55.39,61.79,1903332,1109166,58.27,-6.4,Medium (50–65%)
462,jhansi,uttar pradesh,46,1034085,897930,734103,586701,70.99,65.34,1932015,1320804,68.36,5.65,High (65–75%)
463,hamirpur,uttar pradesh,47,949328,788665,548768,426472,57.81,54.08,1737993,975240,56.11,3.73,Medium (50–65%)
464,banda,uttar pradesh,48,884813,717104,474053,384273,53.58,53.59,1601917,858326,53.58,-0.01,Medium (50–65%)
465,fatehpur,uttar pradesh,49,985922,818855,575050,481638,58.33,58.82,1804777,1056688,58.55,-0.49,Medium (50–65%)
466,kaushambi,uttar pradesh,50,955324,783670,491057,418981,51.4,53.46,1738994,910038,52.33,-2.06,Medium (50–65%)
467,phulpur,uttar pradesh,51,1063897,849377,541728,418613,50.92,49.28,1913274,960341,50.19,1.64,Medium (50–65%)
468,allahabad,uttar pradesh,52,917403,749166,507043,384539,55.27,51.33,1666569,891582,53.5,3.94,Medium (50–65%)
469,barabanki,uttar pradesh,53,925946,795336,611206,456962,66.01,57.46,1721282,1068168,62.06,8.55,Medium (50–65%)
470,faizabad,uttar pradesh,54,936036,802665,558096,464620,59.62,57.88,1738701,1022716,58.82,1.74,Medium (50–65%)
471,ambedkar nagar,uttar pradesh,55,923553,795221,541200,493204,58.6,62.02,1718774,1034404,60.18,-3.42,Medium (50–65%)
472,bahraich,uttar pradesh,56,882776,755869,522627,411636,59.2,54.46,1638645,934263,57.01,4.74,Medium (50–65%)
473,kaiserganj,uttar pradesh,57,928269,783698,527337,416020,56.81,53.08,1711967,943357,55.1,3.73,Medium (50–65%)
474,shrawasti,uttar pradesh,58,976415,811665,559177,420461,57.27,51.8,1788080,979638,54.79,5.47,Medium (50–65%)
475,gonda,uttar pradesh,59,935168,775659,488241,385491,52.21,49.7,1710827,873732,51.07,2.51,Medium (50–65%)
476,domariyaganj,uttar pradesh,60,961957,799458,490141,444886,50.95,55.65,1761415,935027,53.08,-4.7,Medium (50–65%)
477,basti,uttar pradesh,61,1022508,825105,549746,498788,53.76,60.45,1847613,1048534,56.75,-6.69,Medium (50–65%)
478,sant kabir nagar,uttar pradesh,62,1045430,858897,520999,490650,49.84,57.13,1904327,1011649,53.12,-7.29,Medium (50–65%)
479,maharajganj,uttar pradesh,63,946234,796897,547576,508502,57.87,63.81,1743131,1056078,60.59,-5.94,Medium (50–65%)
480,gorakhpur,uttar pradesh,64,1055476,849022,569717,470482,53.98,55.41,1904498,1040199,54.62,-1.43,Medium (50–65%)
481,kushi nagar,uttar pradesh,65,930637,750355,505827,444618,54.35,59.25,1680992,950445,56.54,-4.9,Medium (50–65%)
482,deoria,uttar pradesh,66,997314,809612,508610,462947,51.0,57.18,1806926,971557,53.77,-6.18,Medium (50–65%)
483,bansgaon,uttar pradesh,67,979644,780466,459744,418133,46.93,53.57,1760110,877877,49.88,-6.64,Low (<50%)
484,lalganj,uttar pradesh,68,906751,754732,456696,441959,50.37,58.56,1661483,898655,54.09,-8.19,Medium (50–65%)
485,azamgarh,uttar pradesh,69,941548,761674,504787,455431,53.61,59.79,1703222,960218,56.38,-6.18,Medium (50–65%)
486,ghosi,uttar pradesh,70,1040034,851079,547483,492173,52.64,57.83,1891113,1039656,54.98,-5.19,Medium (50–65%)
487,salempur,uttar pradesh,71,904632,757105,450367,404382,49.78,53.41,1661737,854749,51.44,-3.63,Medium (50–65%)
488,ballia,uttar pradesh,72,973384,794887,573053,369158,58.87,46.44,1768271,942211,53.28,12.43,Medium (50–65%)
489,jaunpur,uttar pradesh,73,1002938,845904,527542,479601,52.6,56.7,1848842,1007143,54.47,-4.1,Medium (50–65%)
490,machhlishahr,uttar pradesh,74,1026789,865180,513121,484781,49.97,56.03,1891969,997902,52.74,-6.06,Medium (50–65%)
491,ghazipur,uttar pradesh,75,983352,818167,529153,457520,53.81,55.92,1801519,986673,54.77,-2.11,Medium (50–65%)
492,chandauli,uttar pradesh,76,927629,741511,546179,434393,58.88,58.58,1669140,980572,58.75,0.3,Medium (50–65%)
493,varanasi,uttar pradesh,77,986224,781262,594293,436392,60.26,55.86,1767486,1030685,58.31,4.4,Medium (50–65%)
494,bhadohi,uttar pradesh,78,1016000,818598,527290,454262,51.9,55.49,1834598,981552,53.5,-3.59,Medium (50–65%)
495,mirzapur,uttar pradesh,79,938504,782157,557621,450006,59.42,57.53,1720661,1007627,58.56,1.89,Medium (50–65%)
496,robertsganj,uttar pradesh,80,901163,738398,497152,388721,55.17,52.64,1639561,885873,54.03,2.53,Medium (50–65%)
497,tehri garhwal,uttarakhand,1,712039,640806,403088,373126,56.61,58.23,1352845,776214,57.38,-1.62,Medium (50–65%)
498,garhwal,uttarakhand,2,652891,616192,323143,358881,49.49,58.24,1269083,682024,53.74,-8.75,Medium (50–65%)
499,almora,uttarakhand,3,640059,614269,312965,343560,48.9,55.93,1254328,656525,52.34,-7.03,Medium (50–65%)
500,nainital-udhamsingh nagar,uttarakhand,4,857781,753029,590700,510735,68.86,67.82,1610810,1101435,68.38,1.04,High (65–75%)
501,hardwar,uttarakhand,5,888328,754545,638871,536821,71.92,71.14,1642873,1175692,71.56,0.78,High (65–75%)
502,cooch behar,west bengal,1,848649,764768,688855,643554,81.17,84.15,1613417,1332409,82.58,-2.98,Very High (>75%)
503,alipurduars,west bengal,2,755765,715146,619981,603585,82.03,84.4,1470911,1223566,83.18,-2.37,Very High (>75%)
504,jalpaiguri,west bengal,3,795704,735765,676450,625667,85.01,85.04,1531469,1302117,85.02,-0.03,Very High (>75%)
505,darjeeling,west bengal,4,737184,699942,587678,554331,79.72,79.2,1437126,1142009,79.46,0.52,Very High (>75%)
506,raiganj,west bengal,5,724014,663512,564181,544012,77.92,81.99,1387526,1108193,79.87,-4.07,Very High (>75%)
507,balurghat,west bengal,6,653848,600649,549173,513880,83.99,85.55,1254497,1063053,84.74,-1.56,Very High (>75%)
508,maldaha uttar,west bengal,7,740749,684679,579515,583470,78.23,85.22,1425428,1162985,81.59,-6.99,Very High (>75%)
509,maldaha dakshin,west bengal,8,692386,654757,546640,545767,78.95,83.35,1347143,1092407,81.09,-4.4,Very High (>75%)
510,jangipur,west bengal,9,714890,676766,559542,559542,78.27,82.68,1391656,1119084,80.41,-4.41,Very High (>75%)
511,baharampur,west bengal,10,752943,700840,579487,575100,76.96,82.06,1453783,1154587,79.42,-5.1,Very High (>75%)
512,murshidabad,west bengal,11,782286,729812,652896,634867,83.46,86.99,1512098,1287763,85.16,-3.53,Very High (>75%)
513,krishnanagar,west bengal,12,769981,706802,639431,608483,83.05,86.09,1476783,1247914,84.5,-3.04,Very High (>75%)
514,ranaghat,west bengal,13,831318,771531,693242,659954,83.39,85.54,1602849,1353196,84.42,-2.15,Very High (>75%)
515,bangaon,west bengal,14,796650,744063,661484,622204,83.03,83.62,1540713,1283688,83.32,-0.59,Very High (>75%)
516,barrackpore,west bengal,15,682366,604856,567820,483310,83.21,79.9,1287222,1051130,81.66,3.31,Very High (>75%)
517,dum dum,west bengal,16,715569,690412,591353,541291,82.64,78.4,1405981,1132644,80.56,4.24,Very High (>75%)
518,barasat,west bengal,17,774305,738487,665637,603694,85.97,81.75,1512792,1269331,83.91,4.22,Very High (>75%)
519,basirhat,west bengal,18,777768,712828,677519,596252,87.11,83.65,1490596,1273771,85.45,3.46,Very High (>75%)
520,joynagar,west bengal,19,757902,700822,631335,554717,83.3,79.15,1458724,1186052,81.31,4.15,Very High (>75%)
521,mathurapur,west bengal,20,772279,716505,659848,605683,85.44,84.53,1488784,1265531,85.0,0.91,Very High (>75%)
522,diamond harbour,west bengal,21,816259,739655,683496,577800,83.74,78.12,1555914,1261296,81.06,5.62,Very High (>75%)
523,jadavpur,west bengal,22,811441,784305,666972,605390,82.2,77.19,1595746,1272362,79.73,5.01,Very High (>75%)
524,kolkata dakshin,west bengal,23,890251,795045,627205,540774,70.45,68.02,1685296,1167979,69.3,2.43,High (65–75%)
525,kolkata uttar,west bengal,24,797437,636548,535236,420542,67.12,66.07,1433985,955778,66.65,1.05,High (65–75%)
526,howrah,west bengal,25,802653,702446,621783,503616,77.47,71.69,1505099,1125399,74.77,5.78,High (65–75%)
527,uluberia,west bengal,26,761951,686681,628832,557195,82.53,81.14,1448632,1186027,81.87,1.39,Very High (>75%)
528,srerampur,west bengal,27,847931,776107,681607,608826,80.38,78.45,1624038,1290433,79.46,1.93,Very High (>75%)
529,hooghly,west bengal,28,836584,793458,697366,651504,83.36,82.11,1630042,1348870,82.75,1.25,Very High (>75%)
530,arambagh,west bengal,29,833629,766664,707525,654409,84.87,85.36,1600293,1361934,85.11,-0.49,Very High (>75%)
531,tamluk,west bengal,30,796779,730494,685563,652121,86.04,89.27,1527273,1337684,87.59,-3.23,Very High (>75%)
532,kanthi,west bengal,31,777345,713064,664251,626560,85.45,87.87,1490409,1290811,86.61,-2.42,Very High (>75%)
533,ghatal,west bengal,32,835803,774686,691145,675564,82.69,87.2,1610489,1366709,84.86,-4.51,Very High (>75%)
534,jhargram,west bengal,33,753840,721272,646539,611074,85.77,84.72,1475112,1257613,85.26,1.05,Very High (>75%)
535,medinipur,west bengal,34,770363,729310,647026,613006,83.99,84.05,1499673,1260032,84.02,-0.06,Very High (>75%)
536,purulia,west bengal,35,764758,707175,627033,577642,81.99,81.68,1471933,1204675,81.84,0.31,Very High (>75%)
537,bankura,west bengal,36,775893,727919,645606,590713,83.21,81.15,1503812,1236319,82.21,2.06,Very High (>75%)
538,bishnupur,west bengal,37,759317,707604,667837,604233,87.95,85.39,1466921,1272070,86.72,2.56,Very High (>75%)
539,bardhaman purba,west bengal,38,795545,736699,683049,637873,85.86,86.59,1532244,1320922,86.21,-0.73,Very High (>75%)
540,burdwan - durgapur,west bengal,39,821377,762121,700899,630343,85.33,82.71,1583498,1331242,84.07,2.62,Very High (>75%)
541,asansol,west bengal,40,791896,677788,633230,509165,79.96,75.12,1469684,1142395,77.73,4.84,Very High (>75%)
542,bolpur,west bengal,41,798384,740045,681996,622760,85.42,84.15,1538429,1304756,84.81,1.27,Very High (>75%)
543,birbhum,west bengal,42,773457,721651,670443,605376,86.68,83.89,1495108,1275819,85.33,2.79,Very High (>75%)
